{
  "scorer": "tfidf_lr",
  "n_train": 27196,
  "n_test": 8627,
  "train_pos_rate": 0.038204,
  "test_pos_rate": 0.035354,
  "train_max_year": 2015,
  "test_years": [
    2016,
    2017
  ],
  "auc": 0.815295,
  "average_precision": 0.189885,
  "top_decile_k": 863,
  "top_decile_precision": 0.159907,
  "top_decile_lift_vs_base": 4.523017,
  "precision_at_k": {
    "p@10": 0.6,
    "p@50": 0.36,
    "p@86": 0.360465,
    "p@100": 0.33,
    "p@431": 0.213457,
    "p@500": 0.208,
    "p@863": 0.159907
  },
  "lift_at_k": {
    "lift@10": 16.971148,
    "lift@50": 10.182689,
    "lift@86": 10.195844,
    "lift@100": 9.334131,
    "lift@431": 6.037686,
    "lift@500": 5.883331,
    "lift@863": 4.523017
  },
  "bootstrap": {
    "B": 200,
    "seed": 20260331,
    "auc_ci": [
      0.793916,
      0.841729
    ],
    "ap_ci": [
      0.154494,
      0.230159
    ],
    "top_decile_lift_ci": [
      4.0051218950634295,
      5.100965888347434
    ]
  },
  "csv": "data\\idea_training\\idea_training.csv"
}