{
  "scorer": "lexicon",
  "n_train": 27196,
  "n_test": 8627,
  "train_pos_rate": 0.038204,
  "test_pos_rate": 0.035354,
  "train_max_year": 2015,
  "test_years": [
    2016,
    2017
  ],
  "auc": 0.794849,
  "average_precision": 0.135346,
  "top_decile_k": 863,
  "top_decile_precision": 0.133256,
  "top_decile_lift_vs_base": 3.769181,
  "precision_at_k": {
    "p@10": 0.1,
    "p@50": 0.32,
    "p@86": 0.27907,
    "p@100": 0.26,
    "p@431": 0.178654,
    "p@500": 0.16,
    "p@863": 0.133256
  },
  "lift_at_k": {
    "lift@10": 2.828525,
    "lift@50": 9.051279,
    "lift@86": 7.893557,
    "lift@100": 7.354164,
    "lift@431": 5.053281,
    "lift@500": 4.525639,
    "lift@863": 3.769181
  },
  "bootstrap": {
    "B": 300,
    "seed": 20260331,
    "auc_ci": [
      0.773822,
      0.819914
    ],
    "ap_ci": [
      0.108833,
      0.164621
    ],
    "top_decile_lift_ci": [
      3.309885791572526,
      4.2651834685206635
    ]
  },
  "csv": "data\\idea_training\\idea_training.csv"
}